"id","name","createdOn","createdBy","etag","type","currentVersion","parentId","benefactorId","projectId","modifiedOn","modifiedBy","dataFileHandleId","dataFileSizeBytes","dataFileMD5Hex","dataFileConcreteType","dataFileBucket","dataFileKey"
"syn36509053","2-009_Malignant_Peripheral_Nerve_Sheath_Tumor.maf","1663389981203","3421893","2521924b-b2de-46d2-8b9a-08d984332a19","file","2","syn31668278","syn33397598","syn4939902","1665338537758","3423450","104048969","363334185","cb85d0daf1965fc28a86265386660e0f","org.sagebionetworks.repo.model.file.S3FileHandle","proddata.sagebase.org","3421893/bccb8917-4e45-4f2a-b346-6bc4971122bc/2-009_Malignant_Peripheral_Nerve_Sheath_Tumor.maf"
"syn36509054","2-002_Malignant_Peripheral_Nerve_Sheath_Tumor.maf","1663389981317","3421893","5adb439d-b582-467a-8009-5918ddfe5e6f","file","2","syn31668208","syn33397598","syn4939902","1665338537815","3423450","104048970","396976849","cfb28a0bba2c22e1ddc9c89329f8a4bc","org.sagebionetworks.repo.model.file.S3FileHandle","proddata.sagebase.org","3421893/8e138a8f-35c6-4d77-aaae-4db9510c455c/2-002_Malignant_Peripheral_Nerve_Sheath_Tumor.maf"
"syn36509091","2-010_Neurofibroma.maf","1663390033053","3421893","5564c44e-5b5f-4e77-9851-5073664a41b3","file","2","syn31668291","syn33397598","syn4939902","1665338537869","3423450","104049013","559831944","e3e7b475c9135a2cb77f3e11ac4ddd9f","org.sagebionetworks.repo.model.file.S3FileHandle","proddata.sagebase.org","3421893/dd49ad3b-7716-4939-9ccb-4d23c085a9c7/2-010_Neurofibroma.maf"
"syn36509096","2-026_Neurofibroma.maf","1663390043318","3421893","b9219c8d-eb79-481a-9d68-d52df32e384a","file","2","syn31668455","syn33397598","syn4939902","1665338537993","3423450","104100333","504687733","8808769dc648254e1c6f0fb384a6b543","org.sagebionetworks.repo.model.file.S3FileHandle","proddata.sagebase.org","3421893/0617205f-448d-4fe0-9897-793f52704326/2-026_Neurofibroma.maf"
"syn36509098","2-014_Neurofibroma.maf","1663390047444","3421893","8beae21e-c798-47ca-b8f7-a7f0a57261db","file","2","syn31668330","syn33397598","syn4939902","1665338538054","3423450","104049024","456594393","efa0d47c25c49a16499f30fde4f5f9c2","org.sagebionetworks.repo.model.file.S3FileHandle","proddata.sagebase.org","3421893/556ee5f6-5dac-41d2-8668-68ba31d8eda3/2-014_Neurofibroma.maf"
"syn36509100","2-010_Blood.maf","1663390051411","3421893","af2f339b-3632-4b08-9afb-8b36b13ccbf7","file","2","syn31668287","syn33397598","syn4939902","1665338538140","3423450","104049027","593768720","7275ed21d5ca38222eda480400935ec4","org.sagebionetworks.repo.model.file.S3FileHandle","proddata.sagebase.org","3421893/a6a4511d-374e-4dd8-ac13-9a574bb6601e/2-010_Blood.maf"
"syn36509101","2-026_Blood.maf","1663390051556","3421893","8aaec7d6-a743-4ec2-8ba3-053cef644c86","file","2","syn31668451","syn33397598","syn4939902","1665338538199","3423450","104099389","454897292","8f594f516ad67f6ec8cbd1541e7e5cfd","org.sagebionetworks.repo.model.file.S3FileHandle","proddata.sagebase.org","3421893/77fd4178-ec48-4f53-b136-c29adb7706a8/2-026_Blood.maf"
"syn36509102","2-012_Neurofibroma.maf","1663390051915","3421893","2efcb0aa-636d-4195-8e8c-fe91e0ddfd7c","file","2","syn31668304","syn33397598","syn4939902","1665338538255","3423450","104049029","605645772","aa83186756baf4bb7ba411e80f064bb1","org.sagebionetworks.repo.model.file.S3FileHandle","proddata.sagebase.org","3421893/799d77e4-1c7b-43f3-a653-7691d3171257/2-012_Neurofibroma.maf"
"syn36509104","2-019_Neurofibroma.maf","1663390052445","3421893","b31d009c-4885-460b-b84e-0b4f4963057f","file","2","syn31668391","syn33397598","syn4939902","1665338538309","3423450","104097842","569587203","da0ad5c1ecb561e47811ebc998943421","org.sagebionetworks.repo.model.file.S3FileHandle","proddata.sagebase.org","3421893/ad516c0b-6612-406b-bc8a-14479fb82a2d/2-019_Neurofibroma.maf"
"syn36509105","2-016_Blood.maf","1663390052552","3421893","572f1374-ec7f-4b79-ba44-d3a866618923","file","2","syn31668361","syn33397598","syn4939902","1665338538365","3423450","104049033","573158971","8462a6d02c61766be954a647c3a5d9e1","org.sagebionetworks.repo.model.file.S3FileHandle","proddata.sagebase.org","3421893/5d4435af-9c03-4b64-bc5e-6b7abe30bbfc/2-016_Blood.maf"
"syn36509106","2-015_Plexiform_Neurofibroma.maf","1663390052554","3421893","7a592af7-a32b-41b4-a1e3-42ef609537df","file","2","syn31668352","syn33397598","syn4939902","1665338538421","3423450","104049034","533031962","166a9a09c70305f917332cc4cc75eb95","org.sagebionetworks.repo.model.file.S3FileHandle","proddata.sagebase.org","3421893/04d11b23-0789-4678-a937-3453cf06c0f8/2-015_Plexiform_Neurofibroma.maf"
"syn36509109","2-004_Blood.maf","1663390055563","3421893","3e97a661-7e59-41d7-8b36-9dfe61823e27","file","2","syn31668217","syn33397598","syn4939902","1665338538475","3423450","104097843","583748036","8520db406df438b4b03ce60cdaf8fdc8","org.sagebionetworks.repo.model.file.S3FileHandle","proddata.sagebase.org","3421893/1e66aaf9-6d26-421f-b308-d4309118d1a7/2-004_Blood.maf"
"syn36509110","2-025_Neurofibroma.maf","1663390055933","3421893","d987a211-3d42-4c15-b75d-41ca927b1fd4","file","2","syn31668442","syn33397598","syn4939902","1665338538528","3423450","104049044","548173822","472bf21dd142b5755db5b9e975dfb0fa","org.sagebionetworks.repo.model.file.S3FileHandle","proddata.sagebase.org","3421893/74f243d9-e4d7-4862-b3b2-45203f89108f/2-025_Neurofibroma.maf"
"syn36509117","2-023_Plexiform_Neurofibroma.maf","1663390077769","3421893","bc9fd452-754d-4730-ab8e-4ab2f687b8f7","file","2","syn31668429","syn33397598","syn4939902","1665338538580","3423450","104049056","587531113","0428774da7986d4746090afda21400a3","org.sagebionetworks.repo.model.file.S3FileHandle","proddata.sagebase.org","3421893/a03d1f02-91ce-48ff-996c-19c38c42911e/2-023_Plexiform_Neurofibroma.maf"
"syn36509118","2-002_Blood.maf","1663390082598","3421893","397ea574-da94-4b6b-9c9a-402fdc3fff52","file","2","syn31668204","syn33397598","syn4939902","1665338538636","3423450","104049059","482627732","aa92aef16ab29806f6946463d172de8b","org.sagebionetworks.repo.model.file.S3FileHandle","proddata.sagebase.org","3421893/6c625e6c-ef56-4084-a264-01684db715ea/2-002_Blood.maf"
"syn36509123","2-017_Blood.maf","1663390086405","3421893","ea3714f1-3b6e-4a04-8b14-7c72563a04ad","file","2","syn31668374","syn33397598","syn4939902","1665338538696","3423450","104049065","510492039","0522fa84bd3b80f28fc72a1dd183b697","org.sagebionetworks.repo.model.file.S3FileHandle","proddata.sagebase.org","3421893/7978cd77-087b-407c-914a-80fae6ba2712/2-017_Blood.maf"
"syn36509124","2-001_Plexiform_Neurofibroma.maf","1663390086685","3421893","4ae83ec0-0474-4386-90f8-1e5e88346259","file","2","syn31668195","syn33397598","syn4939902","1665338538754","3423450","104049066","520303538","4aaaeec9a5ca254a1814e1539850cd6f","org.sagebionetworks.repo.model.file.S3FileHandle","proddata.sagebase.org","3421893/54f9aefe-6591-43b2-af76-e5dd2e82383c/2-001_Plexiform_Neurofibroma.maf"
"syn36509135","2-001_Blood.maf","1663390095498","3421893","4e2aac8d-7274-4c41-bd69-f1708706d410","file","2","syn31668191","syn33397598","syn4939902","1665338538859","3423450","104097870","558842653","e7dbfaba835e9a2a3025c19e7a66eb54","org.sagebionetworks.repo.model.file.S3FileHandle","proddata.sagebase.org","3421893/5e99c3dc-25d6-431d-996d-dc3df98aa449/2-001_Blood.maf"
"syn36509143","2-014_Blood.maf","1663390099032","3421893","1f74cd1a-8a84-4f5f-8f56-1b95e1354caf","file","2","syn31668326","syn33397598","syn4939902","1665338538917","3423450","104049085","523222505","8e87b97ba0537d71f1a79d64aaac56bf","org.sagebionetworks.repo.model.file.S3FileHandle","proddata.sagebase.org","3421893/e3f7b082-531a-4653-82dc-24952c3cfe0c/2-014_Blood.maf"
"syn36509149","2-005_Neurofibroma.maf","1663390104764","3421893","5a0c0a22-4f20-481d-93d1-9b673756cf6c","file","2","syn31668252","syn33397598","syn4939902","1665338539035","3423450","104097897","646016622","01aa86e64a4bd550e6a2b506a7bea825","org.sagebionetworks.repo.model.file.S3FileHandle","proddata.sagebase.org","3421893/3e990a10-74c7-486e-9588-a2e52db0cb53/2-005_Neurofibroma.maf"
"syn36509151","TWFE-2-002-20.maf","1663390109328","3421893","529a2abe-ac16-4741-8b9b-cccb4b826acd","file","2","syn31668560","syn33397598","syn4939902","1665338539093","3423450","104049096","317118358","13bc2a6d2affe9d4dc0fc71d291d03e4","org.sagebionetworks.repo.model.file.S3FileHandle","proddata.sagebase.org","3421893/6266f274-7140-4054-a6f5-a8d954e7a61f/TWFE-2-002-20.maf"
"syn36509164","2-006_Plexiform_Neurofibroma.maf","1663390131237","3421893","a17d0f49-5351-4a04-96c3-ba1a70ec5a92","file","2","syn31668265","syn33397598","syn4939902","1665338539314","3423450","104049115","748970836","6cc275d1f474cab3c1fc65fea0bfcd7a","org.sagebionetworks.repo.model.file.S3FileHandle","proddata.sagebase.org","3421893/07bf952f-362c-4eb0-b7c3-88b5470033c5/2-006_Plexiform_Neurofibroma.maf"
"syn36509173","2-031_Malignant_Peripheral_Nerve_Sheath_Tumor.maf","1663390148537","3421893","3df3e5d7-3cbd-4d9d-bb87-be72d6fdee09","file","2","syn31668492","syn33397598","syn4939902","1665338539534","3423450","104049129","593554127","056db0d2b99c59437fb837b97ba58adf","org.sagebionetworks.repo.model.file.S3FileHandle","proddata.sagebase.org","3421893/b87c0109-b1b5-4521-89e8-8e5be0f7883c/2-031_Malignant_Peripheral_Nerve_Sheath_Tumor.maf"
"syn36509181","2-006_Blood.maf","1663390165263","3421893","3e4a3e06-e8bd-4ed9-8133-a4645603fd9b","file","2","syn31668261","syn33397598","syn4939902","1665338539713","3423450","104097872","574117465","ac7ef07333d4b419daa3cc03fcf581cd","org.sagebionetworks.repo.model.file.S3FileHandle","proddata.sagebase.org","3421893/b9010318-0d2b-4842-98ab-b21d17106fca/2-006_Blood.maf"
"syn36509183","2-016_Neurofibroma.maf","1663390167362","3421893","626a2227-f808-47ed-95c7-898d0d493702","file","2","syn31668365","syn33397598","syn4939902","1665338539771","3423450","104049146","580990466","e8d221cd3558b01c387ec2bb77348683","org.sagebionetworks.repo.model.file.S3FileHandle","proddata.sagebase.org","3421893/9647c374-d209-4828-90e6-5e46edc23db8/2-016_Neurofibroma.maf"
"syn36509188","2-013_Plexiform_Neurofibroma.maf","1663390173605","3421893","7a948977-62a6-4f6c-a07d-4ec89a79b977","file","2","syn31668317","syn33397598","syn4939902","1665338539822","3423450","104049155","834139742","72e23662c8f9e42bb1886654b756fa02","org.sagebionetworks.repo.model.file.S3FileHandle","proddata.sagebase.org","3421893/e05e5a49-4c80-4659-a5fb-3ab9785965c8/2-013_Plexiform_Neurofibroma.maf"
"syn36509189","TWFE-2-060-7.maf","1663390174488","3421893","093c1c0b-73a2-4c83-be57-40d603356416","file","2","syn31668721","syn33397598","syn4939902","1665338539876","3423450","104097605","310695065","962031dcb8854568fd0cdde5d6603eb3","org.sagebionetworks.repo.model.file.S3FileHandle","proddata.sagebase.org","3421893/fac622d9-7f56-4cb8-8adf-c692bfb8279a/TWFE-2-060-7.maf"
"syn36509200","TWFE-2-002-30.maf","1663390194766","3421893","17319091-9c1c-47ff-ba8c-56a50692cf0b","file","2","syn31668569","syn33397598","syn4939902","1665338540041","3423450","104099890","282576373","ace218c7dbaef916bcd88ee2442349ee","org.sagebionetworks.repo.model.file.S3FileHandle","proddata.sagebase.org","3421893/0804612c-3153-49ba-b336-24496221e4bd/TWFE-2-002-30.maf"
"syn36509208","TWFE-2-045-25.maf","1663390208529","3421893","5b1a2ef6-222f-44c7-97b9-69c0c610ca7a","file","2","syn31668627","syn33397598","syn4939902","1665338540158","3423450","104049186","331518953","e365ab56b6e75a6530e2c98c74609327","org.sagebionetworks.repo.model.file.S3FileHandle","proddata.sagebase.org","3421893/981eaf16-b370-40f5-adc4-fc451a8e1e10/TWFE-2-045-25.maf"
"syn36509210","TWFE-2-055-15.maf","1663390212536","3421893","fde78449-e01f-4fe6-b2d5-db5b86d07491","file","2","syn31668677","syn33397598","syn4939902","1665338540217","3423450","104097884","275542342","8a21f7fda17020c35d1eeda928156652","org.sagebionetworks.repo.model.file.S3FileHandle","proddata.sagebase.org","3421893/a925d0f2-8cb7-4ee1-a4ae-4ea3afce566a/TWFE-2-055-15.maf"
"syn36509211","TWFE-2-009-23.maf","1663390215165","3421893","f2f16bf1-b27a-4dee-be0b-70293b9bf4d3","file","2","syn31668582","syn33397598","syn4939902","1665338540281","3423450","104097579","316158058","2d499dbb93bbaf5f547cb67989d0f0d6","org.sagebionetworks.repo.model.file.S3FileHandle","proddata.sagebase.org","3421893/1cabf45c-66ec-43a7-a7f8-88c3c09f0ddd/TWFE-2-009-23.maf"
"syn36509212","TWFE-2-057-42.maf","1663390216276","3421893","604fe564-2f14-4277-a17d-7aa2678e6e26","file","2","syn31668699","syn33397598","syn4939902","1665338540337","3423450","104049193","275354444","283f31ef2578d4a2db6dd66b6e84fe10","org.sagebionetworks.repo.model.file.S3FileHandle","proddata.sagebase.org","3421893/4505ddb4-15cd-4fc3-a254-e5cee66efd85/TWFE-2-057-42.maf"
"syn36509221","TWFE-2-054-33.maf","1663390228895","3421893","4a32dd60-c072-481e-9878-b8b25ab549a2","file","2","syn31668642","syn33397598","syn4939902","1665338540562","3423450","104097244","284415705","8594c2880c9184fbee7f2fad41523156","org.sagebionetworks.repo.model.file.S3FileHandle","proddata.sagebase.org","3421893/6ac73a67-64cc-4765-bb56-7d63049150be/TWFE-2-054-33.maf"
"syn36509222","2-025_Blood.maf","1663390229467","3421893","ce80b079-c61e-43be-85a1-225a8648f788","file","2","syn31668438","syn33397598","syn4939902","1665338540617","3423450","104049210","521025651","2f595464a58af325d6f6ee0b67fd8610","org.sagebionetworks.repo.model.file.S3FileHandle","proddata.sagebase.org","3421893/f9ef979f-a272-40eb-b843-cd795ca8c8ce/2-025_Blood.maf"
"syn36509229","TWFE-2-002-JHK6.maf","1663390240241","3421893","a2c8c32e-4547-4ee2-9285-ca33d1fe142f","file","2","syn31668578","syn33397598","syn4939902","1665338540772","3423450","104097157","297401095","b8338427d6c87733f0a63be6092f84be","org.sagebionetworks.repo.model.file.S3FileHandle","proddata.sagebase.org","3421893/7ceca5e8-d369-4525-a225-cb1660311e1d/TWFE-2-002-JHK6.maf"
"syn36509241","2-032_Skin.maf","1663390254536","3421893","447a36d0-e952-4944-b14b-b3ab122e1c0d","file","2","syn31668511","syn33397598","syn4939902","1665338540985","3423450","104049241","479917650","469100974b61d23cb96f5bfa93aa336e","org.sagebionetworks.repo.model.file.S3FileHandle","proddata.sagebase.org","3421893/ab38491c-edda-4483-bc00-9906029cd938/2-032_Skin.maf"
"syn36509950","2-017_Neurofibroma.maf","1663391601810","3421893","a61ba716-fc30-40b1-9ccf-ef617adeb7a6","file","2","syn31668378","syn33397598","syn4939902","1665338541150","3423450","104097850","505517068","662a086068a059964e118a6489a288ee","org.sagebionetworks.repo.model.file.S3FileHandle","proddata.sagebase.org","3421893/010ae968-97d3-45ba-b3f9-e97c9d9b98dc/2-017_Neurofibroma.maf"
"syn36509951","2_015_Malignant_Peripheral_Nerve_Sheath_Tumor_TD.maf","1663391603643","3421893","5b1330cf-4469-48fa-9176-62fb096c9dac","file","2","syn31668533","syn33397598","syn4939902","1665338541203","3423450","104050157","501704308","f22dd0aaccb20f02428865398a38fb3a","org.sagebionetworks.repo.model.file.S3FileHandle","proddata.sagebase.org","3421893/b5062cfd-4a64-42ac-864b-d28176f5f755/2_015_Malignant_Peripheral_Nerve_Sheath_Tumor_TD.maf"
"syn36509964","TWFE-2-054-3.maf","1663391620201","3421893","d79c8adc-c05a-4c06-83a0-1b0fe11219e5","file","2","syn31668637","syn33397598","syn4939902","1665338541256","3423450","104050168","298488035","6b8f2a58508c12bb6cb913faef78e123","org.sagebionetworks.repo.model.file.S3FileHandle","proddata.sagebase.org","3421893/8f48d551-86e1-4ac2-bd8d-9d79227d7f60/TWFE-2-054-3.maf"
"syn36509965","TWFE-2-060-5.maf","1663391620713","3421893","e998b429-f1e1-4c89-8bfd-d708fd0cb669","file","2","syn31668712","syn33397598","syn4939902","1665338541312","3423450","104097933","296765029","5752489b3b5c17023c535f7725398a1f","org.sagebionetworks.repo.model.file.S3FileHandle","proddata.sagebase.org","3421893/63053ad6-b79a-4578-9de6-8610b8d97ba5/TWFE-2-060-5.maf"
"syn36509967","2-004_pNF_Cell_Line.maf","1663391622071","3421893","a8fa4e0e-7686-4394-9097-37ed91014107","file","2","syn31668239","syn33397598","syn4939902","1665338541421","3423450","104050173","553656357","c4b1c4abf0dc444f259a64c8f669a03c","org.sagebionetworks.repo.model.file.S3FileHandle","proddata.sagebase.org","3421893/f8600e45-1a2d-4b8c-b9c3-156af93cc6bc/2-004_pNF_Cell_Line.maf"
"syn36509969","2-019_Blood.maf","1663391624304","3421893","7dddf098-7e92-4c49-9755-4d58f6c6d23c","file","2","syn31668387","syn33397598","syn4939902","1665338541479","3423450","104050176","546270774","4a4c25da8f207f903e5d7eef32297a52","org.sagebionetworks.repo.model.file.S3FileHandle","proddata.sagebase.org","3421893/b320f085-bc17-406f-bb23-93baec9d3725/2-019_Blood.maf"
"syn36509971","TWFE-2-045-26.maf","1663391625959","3421893","78c6fa2d-d323-4d99-98d7-431b3e9a4cf5","file","2","syn31668632","syn33397598","syn4939902","1665338541591","3423450","104050180","284197388","4ec4748ce716a299261ee464190056c0","org.sagebionetworks.repo.model.file.S3FileHandle","proddata.sagebase.org","3421893/69169bda-e982-4990-a2f2-229babbb4ddc/TWFE-2-045-26.maf"
"syn36509972","TWFE-2-054-40.maf","1663391626019","3421893","81bcfce2-9346-4f25-a6f2-187982dd3fb5","file","2","syn31668650","syn33397598","syn4939902","1665338541653","3423450","104050181","311102606","26f79569c4cf692b9e5f65c8bba00738","org.sagebionetworks.repo.model.file.S3FileHandle","proddata.sagebase.org","3421893/7e2e565d-2056-45d0-9656-ab7479320e0d/TWFE-2-054-40.maf"
"syn36509974","2-015_Neurofibroma.maf","1663391626835","3421893","64b2340b-24b2-4939-8975-2ee67ea017f9","file","2","syn31668343","syn33397598","syn4939902","1665338541707","3423450","104050183","563433113","af42e7293f89377ee5a7cf6a07a4266c","org.sagebionetworks.repo.model.file.S3FileHandle","proddata.sagebase.org","3421893/c20f4d30-a5da-40fd-8b18-4b858bacd31a/2-015_Neurofibroma.maf"
"syn36509975","TWFE-2-060-38.maf","1663391626835","3421893","43f7ec34-7b0b-46c5-b985-7bd488fa2219","file","2","syn31668703","syn33397598","syn4939902","1665338541763","3423450","104050185","318374707","c2204b6ff3a30e39d24a0ce5076f6c4c","org.sagebionetworks.repo.model.file.S3FileHandle","proddata.sagebase.org","3421893/34c706a1-5121-495a-99b5-0a995491784d/TWFE-2-060-38.maf"
"syn36509976","TWFE-2-060-JHK1.maf","1663391626854","3421893","b2b965a2-20c2-4a62-8c9e-9657214d2942","file","2","syn31668730","syn33397598","syn4939902","1665338541836","3423450","104097322","290967987","86ae629f121f51a7332ac302f01993ed","org.sagebionetworks.repo.model.file.S3FileHandle","proddata.sagebase.org","3421893/eee5fa05-b520-46f8-adb3-59274d24472f/TWFE-2-060-JHK1.maf"
"syn36509977","2-029_Neurofibroma.maf","1663391626968","3421893","0966e976-4b22-4e2a-801c-04cdf45d1cd6","file","2","syn31668468","syn33397598","syn4939902","1665338541895","3423450","104050187","586646088","ea5e064af680100d60401f7844bbd68e","org.sagebionetworks.repo.model.file.S3FileHandle","proddata.sagebase.org","3421893/f3b7a945-50dd-4736-9276-b963e52453f4/2-029_Neurofibroma.maf"
"syn36509978","2-029_Blood.maf","1663391628477","3421893","158a3388-8cbe-4a30-9247-551105262694","file","2","syn31668464","syn33397598","syn4939902","1665338541946","3423450","104050191","572579896","57f42343fa1d1c7c5fb568e28eddc553","org.sagebionetworks.repo.model.file.S3FileHandle","proddata.sagebase.org","3421893/7094442d-c9d8-4de2-b356-a1064d8da5c5/2-029_Blood.maf"
"syn36509982","2-012_Blood.maf","1663391630266","3421893","1d2a2ed3-86df-40ab-a626-dfdf709b3f18","file","2","syn31668300","syn33397598","syn4939902","1665338542107","3423450","104050201","616954670","c9ec6280c4281c0cc2b3fffe6ff715a6","org.sagebionetworks.repo.model.file.S3FileHandle","proddata.sagebase.org","3421893/4531416d-10d2-4bf0-b9da-660da45a5e59/2-012_Blood.maf"
"syn36509983","2-015_Blood.maf","1663391631183","3421893","141cd13f-7ccc-49f9-95ac-50debec642a0","file","2","syn31668339","syn33397598","syn4939902","1665338542170","3423450","104050204","484131244","0c86f79c17aacd398c84c2294da898a4","org.sagebionetworks.repo.model.file.S3FileHandle","proddata.sagebase.org","3421893/f9d1a919-6bb7-4267-a5a2-a7b6001c7683/2-015_Blood.maf"
"syn36509984","2-009_Blood.maf","1663391632921","3421893","83f23235-fc0a-4a00-8639-fa047dbaf923","file","2","syn31668274","syn33397598","syn4939902","1665338542237","3423450","104097860","471545394","7e7ade035dcb5538659ee40a4323f7c9","org.sagebionetworks.repo.model.file.S3FileHandle","proddata.sagebase.org","3421893/44b0ad14-2833-45ff-bd55-8fcd189facbb/2-009_Blood.maf"
"syn36509988","TWFE-2-044-34.maf","1663391634279","3421893","62f25389-f084-4cab-9cd1-d5347b5767d6","file","2","syn31668613","syn33397598","syn4939902","1665338542301","3423450","104100245","311129349","72a947a586ad2ec37fadf7f546ca724d","org.sagebionetworks.repo.model.file.S3FileHandle","proddata.sagebase.org","3421893/1e2a1021-91b8-4ce5-8d03-5af7d8ad824b/TWFE-2-044-34.maf"
"syn36509989","2-013_Blood.maf","1663391636067","3421893","00773069-8a45-4429-94fc-2b85e714943b","file","2","syn31668313","syn33397598","syn4939902","1665338542359","3423450","104097910","619504966","cf6a09001a73066e27f972cdf2e7e921","org.sagebionetworks.repo.model.file.S3FileHandle","proddata.sagebase.org","3421893/eaee3a83-5502-47b1-81d6-45952ce0540d/2-013_Blood.maf"
"syn36509990","TWFE-2-072-1.maf","1663391637946","3421893","59993964-e6c9-4944-a4ce-21de2f93fef3","file","2","syn31668795","syn33397598","syn4939902","1665338542409","3423450","104050217","311855824","ba3e03aa5187d347b76abbb6ab7d72ef","org.sagebionetworks.repo.model.file.S3FileHandle","proddata.sagebase.org","3421893/79652f23-bc12-4dc2-bfc9-7db852251265/TWFE-2-072-1.maf"
"syn36509991","2-023_Malignant_Peripheral_Nerve_Sheath_Tumor.maf","1663391638715","3421893","78d953bb-c274-4254-8261-7c7606ea7231","file","2","syn31668420","syn33397598","syn4939902","1665338542473","3423450","104050218","419884772","611f3fa80ab60a720d055d86032a5461","org.sagebionetworks.repo.model.file.S3FileHandle","proddata.sagebase.org","3421893/75df3d1b-d33d-429f-9d3f-1ff812dcdef6/2-023_Malignant_Peripheral_Nerve_Sheath_Tumor.maf"
"syn36509992","TWFE-2-0234-6.maf","1663391639874","3421893","a1910ede-7f24-4c1c-a605-4826c3018bee","file","2","syn31668600","syn33397598","syn4939902","1665338542529","3423450","104100130","322001242","5cb78934b0e75977283062d2d6459df1","org.sagebionetworks.repo.model.file.S3FileHandle","proddata.sagebase.org","3421893/c92a96b9-f22d-4e13-82b1-1a86e74756ca/TWFE-2-0234-6.maf"
"syn36509993","TWFE-2-075-29.maf","1663391641046","3421893","47b62000-0d5c-4bc3-8061-8d1f3d798e57","file","2","syn31668821","syn33397598","syn4939902","1665338542592","3423450","104050223","307055862","bc0cd058bfa2aa7752fe983a8da90fce","org.sagebionetworks.repo.model.file.S3FileHandle","proddata.sagebase.org","3421893/9374df42-e0c4-4752-bb54-d2fe56cd243d/TWFE-2-075-29.maf"
"syn36509994","TWFE-2-076-4.maf","1663391641153","3421893","c65a31d1-9a48-4e96-8dad-e2f27efde00a","file","2","syn31668852","syn33397598","syn4939902","1665338542646","3423450","104097575","306827134","86a3576ac1ab9623124661442f3ffc00","org.sagebionetworks.repo.model.file.S3FileHandle","proddata.sagebase.org","3421893/5e066f40-6986-4fa4-acb6-e6be36ab227d/TWFE-2-076-4.maf"
"syn36509995","TWFE-2-076-JHK3.maf","1663391641312","3421893","edb511c6-43f2-4609-ab16-9268c5f75208","file","2","syn31668861","syn33397598","syn4939902","1665338542702","3423450","104050226","319918705","4f62356a250114bb935fbe674d445199","org.sagebionetworks.repo.model.file.S3FileHandle","proddata.sagebase.org","3421893/23fb7cef-ff4c-40e1-b3cf-dc8bff24a424/TWFE-2-076-JHK3.maf"
"syn36509996","TWFE-2-055-41.maf","1663391641446","3421893","790aa8ab-e209-4c9c-b13b-aba8bc0ec018","file","2","syn31668686","syn33397598","syn4939902","1665338542759","3423450","104050227","300426536","4b76ae5da78691cf79a8fa8b73d6abb6","org.sagebionetworks.repo.model.file.S3FileHandle","proddata.sagebase.org","3421893/f365bfb9-4804-406e-8ea6-39da0c799e79/TWFE-2-055-41.maf"
"syn36509997","TWFE-2-068-44.maf","1663391641916","3421893","6be8d171-6d64-49b4-9685-ba2dfd3287bf","file","2","syn31668773","syn33397598","syn4939902","1665338542829","3423450","104050228","318962305","60e5cc7a92e9de8ac9a59630936d8861","org.sagebionetworks.repo.model.file.S3FileHandle","proddata.sagebase.org","3421893/5d94a762-af7f-4552-b62a-d9fa77a483d1/TWFE-2-068-44.maf"
"syn36510000","TWFE-2-072-45.maf","1663391643245","3421893","83b15b4c-3d0e-459f-bc0e-d18b3e906a98","file","2","syn31668804","syn33397598","syn4939902","1665338542884","3423450","104050232","347201883","5a4bcf73b6c9576dc87ff739010254ad","org.sagebionetworks.repo.model.file.S3FileHandle","proddata.sagebase.org","3421893/ae821b38-5796-4a62-becf-a958020d3942/TWFE-2-072-45.maf"
"syn36510002","2_009_Neurofibroma_TD.maf","1663391645094","3421893","fa7c8e27-742a-4eaf-a17f-d85419d5f4a7","file","2","syn31668524","syn33397598","syn4939902","1665338542996","3423450","104050236","521045335","4b359d8746a9662e9796c7dc01a4a158","org.sagebionetworks.repo.model.file.S3FileHandle","proddata.sagebase.org","3421893/7b798b1e-9b70-431a-a078-726ee6f1e760/2_009_Neurofibroma_TD.maf"
"syn36510003","2-004_Plexiform_Neurofibroma.maf","1663391646894","3421893","516a07f6-33e0-41ef-ba6b-f67b59a89316","file","2","syn31668230","syn33397598","syn4939902","1665338543052","3423450","104097875","604417056","ba4ad73412a89ca469330106d772c007","org.sagebionetworks.repo.model.file.S3FileHandle","proddata.sagebase.org","3421893/00cbd6d1-e662-4a54-9089-da54b0d9d419/2-004_Plexiform_Neurofibroma.maf"
"syn36510004","2-004_NF_Cell_Line.maf","1663391646965","3421893","3b74245d-ded0-40cc-9615-a863adc68bb7","file","2","syn31668221","syn33397598","syn4939902","1665338543107","3423450","104097844","618863908","53b455e7a7b0eb77bbc01b0b78193e54","org.sagebionetworks.repo.model.file.S3FileHandle","proddata.sagebase.org","3421893/5fdcacdb-befe-44c7-9919-29f373042a33/2-004_NF_Cell_Line.maf"
"syn36510011","2-005_Blood.maf","1663391651025","3421893","1025315c-416c-45b3-8192-68f093178a04","file","2","syn31668248","syn33397598","syn4939902","1665338543219","3423450","104097911","584098564","00e8b41b6b0b095f067eff727ab25840","org.sagebionetworks.repo.model.file.S3FileHandle","proddata.sagebase.org","3421893/0cc55fa3-e268-44c1-a620-30bbf73e3638/2-005_Blood.maf"
"syn36510014","TWFE-2-068-10.maf","1663391655320","3421893","431a65f9-6ee9-4313-b0b3-22b5fa55ee11","file","2","syn31668755","syn33397598","syn4939902","1665338543330","3423450","104050257","325977763","6329ff2c53ca64084e21e10be0847c9e","org.sagebionetworks.repo.model.file.S3FileHandle","proddata.sagebase.org","3421893/b1893287-df7a-4089-b2db-7f812b5fe4ec/TWFE-2-068-10.maf"
"syn36510015","2-031_Blood.maf","1663391657437","3421893","eaef746e-38db-401a-837e-d9edc0d053ed","file","2","syn31668477","syn33397598","syn4939902","1665338543388","3423450","104050260","540041185","a0d5ec95194b3ecde19e3f1fb0f01a9e","org.sagebionetworks.repo.model.file.S3FileHandle","proddata.sagebase.org","3421893/d064e5a7-6e02-4745-a96e-91c23b2127da/2-031_Blood.maf"
"syn36510019","TWFE-2-057-28.maf","1663391662895","3421893","fe664a5c-1675-4519-9143-5938ebc77c76","file","2","syn31668690","syn33397598","syn4939902","1665338543445","3423450","104097603","313959451","07a6afbca71da0ad82455666c3b92ff7","org.sagebionetworks.repo.model.file.S3FileHandle","proddata.sagebase.org","3421893/c67e9c50-f0dd-4cfe-ad60-6a22743ae08d/TWFE-2-057-28.maf"
"syn36510020","2-032_Plexiform_Neurofibroma.maf","1663391664864","3421893","7bbd7579-855b-4c46-9240-f8ac39041ab6","file","2","syn31668502","syn33397598","syn4939902","1665338543505","3423450","104050267","517892198","8d754562f79a1c9d4b9c3d62f1cfbe9e","org.sagebionetworks.repo.model.file.S3FileHandle","proddata.sagebase.org","3421893/543ebbc7-2350-40b9-81a9-e4870fcdd4c6/2-032_Plexiform_Neurofibroma.maf"
"syn36510022","TWFE-2-055-14.maf","1663391665910","3421893","b478ec26-38de-444f-8a45-da93f309d2eb","file","2","syn31668668","syn33397598","syn4939902","1665338543564","3423450","104097313","289340638","7df811c4e44019a020b93817c21112cd","org.sagebionetworks.repo.model.file.S3FileHandle","proddata.sagebase.org","3421893/ddb33b16-3af0-4958-ac59-653036b61bd5/TWFE-2-055-14.maf"
"syn36510031","TWFE-2-061-11.maf","1663391684174","3421893","b4114081-d128-48b3-876d-df1582230def","file","2","syn31668734","syn33397598","syn4939902","1665338543774","3423450","104097767","320004593","feb17291f4a57c2e6d5adc8cec848caa","org.sagebionetworks.repo.model.file.S3FileHandle","proddata.sagebase.org","3421893/d9af845e-7507-4c5c-84cb-4f31be2863b1/TWFE-2-061-11.maf"
"syn36510037","TWFE-2-023-21.maf","1663391685799","3421893","5705c539-f234-4d49-9ef0-19859d106cab","file","2","syn31668591","syn33397598","syn4939902","1665338543880","3423450","104050293","369466637","c6c4f95e5786b4832bd54c5cc6ac63f6","org.sagebionetworks.repo.model.file.S3FileHandle","proddata.sagebase.org","3421893/3a9e9282-7ba0-45bb-a810-958e8e78be8c/TWFE-2-023-21.maf"
"syn36510048","TWFE-2-096-2-096tumor.maf","1663391695011","3421893","07201e5b-2e06-4c8b-8361-ebec6fe05280","file","2","syn31669105","syn33397598","syn4939902","1665338544170","3423450","104050314","265028062","43ead49cb4dd260691ee064ec0de54ec","org.sagebionetworks.repo.model.file.S3FileHandle","proddata.sagebase.org","3421893/9ecdbc4c-a742-441c-90d4-66170cf4db15/TWFE-2-096-2-096tumor.maf"
"syn36510060","TWFE-2-094-2-094ankleSuperficial.maf","1663391712915","3421893","e58722ef-c727-42aa-8e7e-e4d8dda054c0","file","2","syn31669079","syn33397598","syn4939902","1665338544341","3423450","104098041","288880556","749b93b7e5ddbcf64ea3be79a7623d1b","org.sagebionetworks.repo.model.file.S3FileHandle","proddata.sagebase.org","3421893/e53f90ff-23a6-41d6-a3e0-fe0a38e56d36/TWFE-2-094-2-094ankleSuperficial.maf"
"syn36510088","TWFE-2-104-2-104tumor.maf","1663391752407","3421893","97bb04f2-b5e9-42bc-b38f-60d4f74bab66","file","2","syn31669174","syn33397598","syn4939902","1665338545201","3423450","104098019","277163716","8b41a62ae80a85b00f7d5f0a45365a9a","org.sagebionetworks.repo.model.file.S3FileHandle","proddata.sagebase.org","3421893/b9609681-e726-40e8-ab88-7c343cd3724d/TWFE-2-104-2-104tumor.maf"
"syn36510093","TWFE-2-105-2-105normal.maf","1663391757869","3421893","ab3a7f63-2c95-4897-aa83-1d0de49d6db4","file","2","syn31669183","syn33397598","syn4939902","1665338545371","3423450","104050389","283257544","e255cf1a88642c2010a95ae2c028d6e0","org.sagebionetworks.repo.model.file.S3FileHandle","proddata.sagebase.org","3421893/cad25915-47c2-4e67-9e9e-b0331c12cdb2/TWFE-2-105-2-105normal.maf"
"syn36510208","TWFE-2-100-2-100buttocksTumor.maf","1663391875804","3421893","ca848682-2975-4fa8-b7b7-b1ab3ee033b0","file","2","syn31669135","syn33397598","syn4939902","1665338547582","3423450","104098040","283639617","ccb748aa8560b1e3dd24e0b454e8c0af","org.sagebionetworks.repo.model.file.S3FileHandle","proddata.sagebase.org","3421893/facbc2e9-a7ab-4748-997f-50c12dbc81fa/TWFE-2-100-2-100buttocksTumor.maf"
"syn36510226","TWFE-2-099-2-099normal.maf","1663391902767","3421893","a2214f9d-f343-4c91-9336-96dbf2116a37","file","2","syn31669127","syn33397598","syn4939902","1665338547949","3423450","104050584","285847464","467c82c39ee07afde7a6e6b967cd053e","org.sagebionetworks.repo.model.file.S3FileHandle","proddata.sagebase.org","3421893/6fab1f2b-569a-4160-afb5-d1cebcbfa5e6/TWFE-2-099-2-099normal.maf"
"syn36532956","TWFE-2-084-2-084.maf","1663431909850","3421893","f421cc31-2793-4d66-b5cd-f421aebd1f82","file","1","syn31668931","syn33397598","syn4939902","1665338549038","3423450","104097147","280967973","074693f75f1897ce1b4ad07d3f38532b","org.sagebionetworks.repo.model.file.S3FileHandle","proddata.sagebase.org","3421893/38c07a2f-f2e7-4816-99de-3b0a30dc8e82/TWFE-2-084-2-084.maf"
"syn36533122","TWFE-2-075-JHK2.maf","1663431943748","3421893","45c895c8-4803-40a2-b511-72bdc086f5ff","file","1","syn31668839","syn33397598","syn4939902","1665338549089","3423450","104097319","295000090","123686587cfc185fde70d798a77074c6","org.sagebionetworks.repo.model.file.S3FileHandle","proddata.sagebase.org","3421893/7db20636-83b9-49bf-aa9f-6952ec2f2165/TWFE-2-075-JHK2.maf"
"syn36533126","TWFE-2-091-2-091.maf","1663431944549","3421893","d46bd536-74d3-4a6b-a661-93acea5a28de","file","1","syn31669009","syn33397598","syn4939902","1665338549144","3423450","104097325","277954210","fe1c4da750727c06b3e8d186fe7b388a","org.sagebionetworks.repo.model.file.S3FileHandle","proddata.sagebase.org","3421893/89afcbbe-ed97-4a44-b550-c7d0fd85f81e/TWFE-2-091-2-091.maf"
"syn36533263","TWFE-2-084-35.maf","1663431964663","3421893","cc943940-92c4-4484-872e-bae7a625ff36","file","1","syn31668935","syn33397598","syn4939902","1665338549200","3423450","104097465","294656710","d9c3d980a85244de43af7837915154b5","org.sagebionetworks.repo.model.file.S3FileHandle","proddata.sagebase.org","3421893/b65edf2f-de14-4d2c-8a31-1f7b54797230/TWFE-2-084-35.maf"
"syn36533331","TWFE-2-077-JHK4.maf","1663431973420","3421893","f476f67b-49b1-4631-8449-2457fb183a3d","file","1","syn31668883","syn33397598","syn4939902","1665338549259","3423450","104097534","327664432","620ce4c77d86d44e2b54b80de200b29b","org.sagebionetworks.repo.model.file.S3FileHandle","proddata.sagebase.org","3421893/c5d9846a-f0a0-4274-8450-f7d82aab02ff/TWFE-2-077-JHK4.maf"
"syn36533349","TWFE-2-068-8.maf","1663431975542","3421893","43822491-a625-43bc-872c-a555f3340a0c","file","1","syn31668777","syn33397598","syn4939902","1665338549313","3423450","104097553","311644936","b831786bea8667e8110d9b2c80bc470b","org.sagebionetworks.repo.model.file.S3FileHandle","proddata.sagebase.org","3421893/7e749aa1-817f-458d-8904-d4a8a65a2203/TWFE-2-068-8.maf"
"syn36533366","TWFE-2-091-2-091normal.maf","1663431977601","3421893","cc20a1d8-54f8-4029-876c-d77727e91aa3","file","1","syn31669018","syn33397598","syn4939902","1665338549361","3423450","104097576","293107099","856e30b6e4e790df5bc7d57c2918a3c0","org.sagebionetworks.repo.model.file.S3FileHandle","proddata.sagebase.org","3421893/c9b19742-a629-4e87-8228-59090a6a3eb1/TWFE-2-091-2-091normal.maf"
"syn36533375","TWFE-2-084-37.maf","1663431978462","3421893","e6bdb258-e3f0-49b6-a7fc-966e6e9630cd","file","1","syn31668944","syn33397598","syn4939902","1665338549413","3423450","104097585","304995599","5f14aa0e85a293e96c636a86a23de9c8","org.sagebionetworks.repo.model.file.S3FileHandle","proddata.sagebase.org","3421893/fb0e0719-4757-4e43-b728-b27f6db3a44a/TWFE-2-084-37.maf"
"syn36533542","TWFE-2-068-9.maf","1663432003153","3421893","ddcaa9a5-aea1-4b16-a112-9105a4fc2f63","file","1","syn31668786","syn33397598","syn4939902","1665338549466","3423450","104097757","306448172","742f05d4e8d1856ec55e71f94c092e0d","org.sagebionetworks.repo.model.file.S3FileHandle","proddata.sagebase.org","3421893/7e001d94-7f6f-4b81-9b4c-219ddf63c7ba/TWFE-2-068-9.maf"
"syn36533544","TWFE-2-089-2-089.maf","1663432004342","3421893","1fa394de-518f-413c-a833-fe24a9075d71","file","1","syn31668974","syn33397598","syn4939902","1665338549555","3423450","104097759","292929423","dad9f7a1fc5a7009e96057e0e2eca4ac","org.sagebionetworks.repo.model.file.S3FileHandle","proddata.sagebase.org","3421893/1c900fba-b23d-4c0f-b044-a5044e458f12/TWFE-2-089-2-089.maf"
"syn36533550","TWFE-2-090-2-090MalignantTumor.maf","1663432011786","3421893","c81ebbc4-7607-4050-b406-3622f7d47eb9","file","1","syn31669000","syn33397598","syn4939902","1665338549608","3423450","104097768","321628015","8508b652fbc25aa88cf38a7188e2882d","org.sagebionetworks.repo.model.file.S3FileHandle","proddata.sagebase.org","3421893/95ff6a02-a033-43b0-ac64-00e997c6c4ec/TWFE-2-090-2-090MalignantTumor.maf"
"syn36533551","TWFE-2-093-2-093RightMiddleBack.maf","1663432011914","3421893","d846d146-c66b-49bb-b18f-08654a89f717","file","1","syn31669048","syn33397598","syn4939902","1665338549657","3423450","104097769","292511723","d0367a02b4b9babaa864acc227883946","org.sagebionetworks.repo.model.file.S3FileHandle","proddata.sagebase.org","3421893/0a841970-0b78-4fed-beb5-5e57f101e469/TWFE-2-093-2-093RightMiddleBack.maf"
"syn36533552","TWFE-2-061-43.maf","1663432012388","3421893","e9bd4696-1cb6-427c-96c4-3e8c1fdbed19","file","1","syn31668751","syn33397598","syn4939902","1665338549707","3423450","104097770","327391259","6a01a2fd5f114a092734f7cb0e94ec61","org.sagebionetworks.repo.model.file.S3FileHandle","proddata.sagebase.org","3421893/c2fd9fea-f19d-4274-a485-559fdd3607e1/TWFE-2-061-43.maf"
"syn36533554","TWFE-2-086-2-086.maf","1663432012989","3421893","574b5cf4-cf1b-40f8-84dd-15a0e80c928b","file","1","syn31668961","syn33397598","syn4939902","1665338549761","3423450","104097772","312267785","8120d0123450bf794390fcb47484091a","org.sagebionetworks.repo.model.file.S3FileHandle","proddata.sagebase.org","3421893/933e65d5-5944-4810-8aa7-706c233d7a40/TWFE-2-086-2-086.maf"
"syn36533555","TWFE-2-068-12.maf","1663432013588","3421893","30c83d40-fba7-4752-bf99-7eb02a228a63","file","1","syn31668764","syn33397598","syn4939902","1665338549811","3423450","104097775","321490729","67c876220288b03684a758a2506a65b3","org.sagebionetworks.repo.model.file.S3FileHandle","proddata.sagebase.org","3421893/88ff9891-208b-4350-bc3d-2c21fc4f5546/TWFE-2-068-12.maf"
"syn36533556","TWFE-2-055-13.maf","1663432013690","3421893","dcb9a9a5-3932-4161-b791-8b5f86369a45","file","1","syn31668659","syn33397598","syn4939902","1665338549864","3423450","104097776","319183156","42623bf5b28f28f943867930124d5a61","org.sagebionetworks.repo.model.file.S3FileHandle","proddata.sagebase.org","3421893/0d2eb687-fdfc-4b0e-ada2-44afb3a56ed9/TWFE-2-055-13.maf"
"syn36533557","TWFE-2-084-19.maf","1663432014465","3421893","634b82ae-502e-4f05-abf6-e692fc983922","file","1","syn31668922","syn33397598","syn4939902","1665338549917","3423450","104097779","319881093","3075b782e87a1f9aa2722cb4127b1738","org.sagebionetworks.repo.model.file.S3FileHandle","proddata.sagebase.org","3421893/7131d3b6-7495-4470-b709-4f0e98016423/TWFE-2-084-19.maf"
"syn36533564","TWFE-2-085-2.maf","1663432024266","3421893","704dbdca-e695-4560-a951-016a80962ccf","file","1","syn31668952","syn33397598","syn4939902","1665338549985","3423450","104097790","295704262","f430a5f90d0f014c6daffa24e57c64d3","org.sagebionetworks.repo.model.file.S3FileHandle","proddata.sagebase.org","3421893/c3595fcd-fd24-4c9b-b712-b1685ed9375b/TWFE-2-085-2.maf"
"syn36533568","TWFE-2-090-2-090Benign.maf","1663432026568","3421893","aef19930-d70b-41d4-85d5-10d64930904a","file","1","syn31668991","syn33397598","syn4939902","1665338550060","3423450","104097795","326745904","ae21f18b5760ae0c7dd212df9c46d56d","org.sagebionetworks.repo.model.file.S3FileHandle","proddata.sagebase.org","3421893/e9d55ea5-48d7-4438-afd1-176554451f66/TWFE-2-090-2-090Benign.maf"
"syn36533584","TWFE-2-074-16.maf","1663432049035","3421893","37cff87c-d3d4-46df-b47b-fc9db0e79a33","file","1","syn31668808","syn33397598","syn4939902","1665338550112","3423450","104097812","347378626","00909a99b589df3bbc81094c8bfdd93d","org.sagebionetworks.repo.model.file.S3FileHandle","proddata.sagebase.org","3421893/f3724016-f2e7-4d85-8e9a-e97d43ead0e2/TWFE-2-074-16.maf"
"syn36533585","TWFE-2-090-2-090.maf","1663432049391","3421893","1f56600f-5544-412b-8f2a-82f77893b66f","file","1","syn31668987","syn33397598","syn4939902","1665338550166","3423450","104097813","327492198","45dc63832ecc4b64b6c3190cbf318f62","org.sagebionetworks.repo.model.file.S3FileHandle","proddata.sagebase.org","3421893/d9eb113d-0a38-4272-b1ee-d0c3682e2555/TWFE-2-090-2-090.maf"
"syn36533586","TWFE-2-074-46.maf","1663432049441","3421893","a5c7f7ba-77e1-401a-9e99-dbb1f4846e88","file","1","syn31668817","syn33397598","syn4939902","1665338550217","3423450","104097814","373384124","4893f45b86d833cf7666c0e26f1cb63b","org.sagebionetworks.repo.model.file.S3FileHandle","proddata.sagebase.org","3421893/d14779f1-7594-4636-8e59-217e25f1ed9f/TWFE-2-074-46.maf"
"syn36533591","TWFE-2-082-2.maf","1663432055310","3421893","ec3a77da-f446-4012-bea5-02bf21fe0813","file","1","syn31668900","syn33397598","syn4939902","1665338550273","3423450","104097822","333744174","c08fc4f70bec413ce5809e6780d79a5b","org.sagebionetworks.repo.model.file.S3FileHandle","proddata.sagebase.org","3421893/9713d5ba-ca61-48e6-8550-a6ef1390eff7/TWFE-2-082-2.maf"
"syn36533592","TWFE-2-079-32.maf","1663432055421","3421893","f22ad4a0-cc68-47ac-b3b1-e1ab9ea8c23f","file","1","syn31668887","syn33397598","syn4939902","1665338550325","3423450","104097823","336383166","c1942a9159f83eaf938711d4c6c9dfed","org.sagebionetworks.repo.model.file.S3FileHandle","proddata.sagebase.org","3421893/88d0a6f4-a941-4cd0-80ab-28ebdc3e57f5/TWFE-2-079-32.maf"
"syn36533609","TWFE-2-076-17.maf","1663432087368","3421893","c5eb40e6-7ff8-42b5-9e7f-54e877b7bd64","file","1","syn31668843","syn33397598","syn4939902","1665338550380","3423450","104097848","279486942","39a91e906fd468550935c7c94eb53186","org.sagebionetworks.repo.model.file.S3FileHandle","proddata.sagebase.org","3421893/e87e4f5e-560c-4c51-b9bf-22d6a1bbbe0a/TWFE-2-076-17.maf"
"syn36533610","TWFE-2-077-18.maf","1663432087466","3421893","72271e03-cc45-4b46-9eb4-c57e9cee3c84","file","1","syn31668865","syn33397598","syn4939902","1665338550431","3423450","104097849","295289552","857c711a61f0d13fa73eea4d7e45caf3","org.sagebionetworks.repo.model.file.S3FileHandle","proddata.sagebase.org","3421893/ec27f06c-e1f0-4ac0-b6e4-0142c24c7f36/TWFE-2-077-18.maf"
"syn36533611","TWFE-2-075-31.maf","1663432088282","3421893","1fd98c43-bf4b-4449-abb1-09c861fd602a","file","1","syn31668830","syn33397598","syn4939902","1665338550491","3423450","104097851","302048623","03b8f05c695cdd527da9327253b16c38","org.sagebionetworks.repo.model.file.S3FileHandle","proddata.sagebase.org","3421893/b25a7c2e-2768-4ed1-800c-d6ddb00b5f47/TWFE-2-075-31.maf"
"syn36533612","2-031_Cell_Line.maf","1663432088781","3421893","7c360ccb-b754-440b-a54e-3b61d0372255","file","1","syn31668481","syn33397598","syn4939902","1665338550549","3423450","104097853","440887424","33474a0aa7adf390e9cbc4de93c01d76","org.sagebionetworks.repo.model.file.S3FileHandle","proddata.sagebase.org","3421893/93b9f412-30b7-41bd-ace1-713706e4a6c2/2-031_Cell_Line.maf"
"syn36533614","TWFE-2-079-47.maf","1663432091751","3421893","dcb3cf89-a627-4328-bd46-df25006e89d0","file","1","syn31668896","syn33397598","syn4939902","1665338550607","3423450","104097859","377131556","81fbe878290abcc1f26f20f9f273758b","org.sagebionetworks.repo.model.file.S3FileHandle","proddata.sagebase.org","3421893/6ee5a4d2-7328-486d-adce-9abaf087e69b/TWFE-2-079-47.maf"
"syn36533615","2-021_Blood.maf","1663432092762","3421893","1e5585a8-451f-4bd9-927a-850ca9d63b64","file","1","syn31668400","syn33397598","syn4939902","1665338550664","3423450","104097862","511684864","4868108b4d4cc53062d8091e83ae8de6","org.sagebionetworks.repo.model.file.S3FileHandle","proddata.sagebase.org","3421893/e935adc0-3b2b-47cd-ae5a-0cc80b79f9c8/2-021_Blood.maf"
"syn36533625","TWFE-2-082-36.maf","1663432107281","3421893","f511600b-fc5b-401b-8451-f101a4a75091","file","1","syn31668909","syn33397598","syn4939902","1665338550717","3423450","104097881","279807687","1d65bd23d13e391d5b0424e97fb2fe6a","org.sagebionetworks.repo.model.file.S3FileHandle","proddata.sagebase.org","3421893/201f34ce-813b-49e7-a0eb-7489f92a28c9/TWFE-2-082-36.maf"
"syn36533626","TWFE-2-086-2-086LLE.maf","1663432107286","3421893","b265561c-75d2-491f-9437-948d0464d998","file","1","syn31668965","syn33397598","syn4939902","1665338550768","3423450","104097880","306972878","58a04fa5b4c370edd0426da25425c6c4","org.sagebionetworks.repo.model.file.S3FileHandle","proddata.sagebase.org","3421893/dcafbf4b-e886-4c6d-9aa3-af2a9685661a/TWFE-2-086-2-086LLE.maf"
"syn36533627","TWFE-2-092-2-092RightFlank.maf","1663432107759","3421893","6dc92559-9b8c-4606-9ab9-2da0bf3bbbb2","file","1","syn31669035","syn33397598","syn4939902","1665338550820","3423450","104097882","268646677","cfff7a9a69f8a38ff32f869b6a2f7362","org.sagebionetworks.repo.model.file.S3FileHandle","proddata.sagebase.org","3421893/7f48544d-c326-4974-a70f-afe363516372/TWFE-2-092-2-092RightFlank.maf"
"syn36533628","TWFE-2-082-JHK5.maf","1663432107774","3421893","a420c355-1492-4444-9fdc-e27e9b804bbe","file","1","syn31668918","syn33397598","syn4939902","1665338550882","3423450","104097883","313765969","bbe2d4fcd2b75154e6b2199b61137b4e","org.sagebionetworks.repo.model.file.S3FileHandle","proddata.sagebase.org","3421893/b3caf944-55fa-48dc-bb7c-5d336f47484a/TWFE-2-082-JHK5.maf"
"syn36533633","TWFE-2-085-2-085.maf","1663432118080","3421893","b5adeed0-ed63-402e-b902-fdc91b9dfc6f","file","1","syn31668948","syn33397598","syn4939902","1665338551057","3423450","104097896","319738900","67c855d5372a889c294149a4abba06b4","org.sagebionetworks.repo.model.file.S3FileHandle","proddata.sagebase.org","3421893/052d2aab-58f5-4c3e-a23b-5f99299ddb79/TWFE-2-085-2-085.maf"
"syn36533634","2-023_Blood.maf","1663432118344","3421893","3a4db9c8-91f7-46c3-9dfd-54bc14a0081b","file","1","syn31668415","syn33397598","syn4939902","1665338551110","3423450","104097898","567026675","2cd419942a2fb06b9911a08f44a4abb3","org.sagebionetworks.repo.model.file.S3FileHandle","proddata.sagebase.org","3421893/e855bba5-844a-4726-9f78-20999927958e/2-023_Blood.maf"
"syn36533636","TWFE-2-061-27.maf","1663432119351","3421893","b64af65f-e529-4fea-9881-14752e946d35","file","1","syn31668738","syn33397598","syn4939902","1665338551168","3423450","104097900","338539166","a78f04308c2fb2111970736814e5712e","org.sagebionetworks.repo.model.file.S3FileHandle","proddata.sagebase.org","3421893/365f2332-1f31-44e5-b16d-23b84c3ae7bd/TWFE-2-061-27.maf"
"syn36533641","2-021_Neurofibroma.maf","1663432130888","3421893","1f4cee42-0bc4-4206-bd1c-7c5722f2ea1d","file","1","syn31668404","syn33397598","syn4939902","1665338551263","3423450","104097909","593242256","ae159f623c26dd64fec1b228b8ca459c","org.sagebionetworks.repo.model.file.S3FileHandle","proddata.sagebase.org","3421893/0e6adda0-08eb-4b4e-8c53-2b13c72f355a/2-021_Neurofibroma.maf"
"syn36533654","TWFE-2-077-39.maf","1663432147761","3421893","698b0704-4939-4d4a-84b3-cb1f76a49656","file","1","syn31668874","syn33397598","syn4939902","1665338551654","3423450","104097928","311474047","7d9d95911f4371050c2d60d639eeb81c","org.sagebionetworks.repo.model.file.S3FileHandle","proddata.sagebase.org","3421893/031e5422-cd7d-4ebf-a90e-4c491a98fd9a/TWFE-2-077-39.maf"
"syn36533655","TWFE-2-089-2-089Tumor.maf","1663432147865","3421893","10470627-7789-448d-8324-78df9a27f0ac","file","1","syn31668978","syn33397598","syn4939902","1665338551744","3423450","104097929","285101614","88ac4c23cccec228e4d047176b901825","org.sagebionetworks.repo.model.file.S3FileHandle","proddata.sagebase.org","3421893/fae14f1f-fc01-4b9d-8543-229275e8bc35/TWFE-2-089-2-089Tumor.maf"
"syn36533689","TWFE-2-113-2-113.maf","1663432203223","3421893","80310e8d-94da-43bd-ae22-8f24820cbbaf","file","1","syn31669213","syn33397598","syn4939902","1665338552576","3423450","104097994","309582876","0f0b700d4dfaf78c9f6f4cb03d922c57","org.sagebionetworks.repo.model.file.S3FileHandle","proddata.sagebase.org","3421893/169aa27c-e651-49a2-85fc-8df97d8fcecb/TWFE-2-113-2-113.maf"
"syn36533690","TWFE-2-103-2-103normal.maf","1663432203381","3421893","15cc7d3d-4501-41ef-a073-d9b9a455a195","file","1","syn31669157","syn33397598","syn4939902","1665338552629","3423450","104097995","308292891","4a2c914965b73696d127ae114eabed4c","org.sagebionetworks.repo.model.file.S3FileHandle","proddata.sagebase.org","3421893/6e6a2a7a-ab67-4e19-9b6c-3597269b05ae/TWFE-2-103-2-103normal.maf"
"syn36533691","TWFE-2-098-2-098.maf","1663432203514","3421893","f6245a6f-c12e-43fe-8054-3966aee1f2ff","file","1","syn31669114","syn33397598","syn4939902","1665338552685","3423450","104097996","297725804","013683b97c25489756709d314add1a7d","org.sagebionetworks.repo.model.file.S3FileHandle","proddata.sagebase.org","3421893/6fecf58a-d7e1-4bfd-b4cb-dbdf21e1aa75/TWFE-2-098-2-098.maf"
"syn36533694","TWFE-2-095-2-095tumor.maf","1663432208826","3421893","079c24b3-60ed-4ae7-a808-42575da68b13","file","1","syn31669092","syn33397598","syn4939902","1665338552792","3423450","104098002","266173271","8b45198eb790398d77da487928c3f0b7","org.sagebionetworks.repo.model.file.S3FileHandle","proddata.sagebase.org","3421893/17fdf86f-5412-4d43-8f16-b29747f73c91/TWFE-2-095-2-095tumor.maf"
"syn36533695","TWFE-2-102-2-102leftBackLesion.maf","1663432209323","3421893","80dd6624-8ba5-4530-a9f9-19fe786cfe84","file","1","syn31669148","syn33397598","syn4939902","1665338552848","3423450","104098003","302133359","3af38547f28154faa0f6ede4c9e500ab","org.sagebionetworks.repo.model.file.S3FileHandle","proddata.sagebase.org","3421893/2a2c05e8-7218-4820-9d50-111863be807f/TWFE-2-102-2-102leftBackLesion.maf"
"syn36533696","TWFE-2-106-2-106.maf","1663432209333","3421893","51b7ce9a-232b-49c1-aebd-855323b1580b","file","1","syn31669187","syn33397598","syn4939902","1665338552898","3423450","104098004","287661601","e152bad0af916a962078a8a63b11d612","org.sagebionetworks.repo.model.file.S3FileHandle","proddata.sagebase.org","3421893/49b866cd-f51e-4326-a97b-2c211da9f3a4/TWFE-2-106-2-106.maf"
"syn36533697","TWFE-2-111-2-111.maf","1663432209481","3421893","cb0ddb98-0f32-4235-9186-10a70c6b0d51","file","1","syn31669200","syn33397598","syn4939902","1665338552952","3423450","104098005","320221472","49f498ec80d0d7b6fc4fda2ca5e358bb","org.sagebionetworks.repo.model.file.S3FileHandle","proddata.sagebase.org","3421893/336f8726-aaaa-487e-9b24-4187bbc73329/TWFE-2-111-2-111.maf"
"syn36533704","TWFE-2-094-2-094ankleRightBx.maf","1663432222691","3421893","5f2ddbb3-38fd-42bd-9325-3578d6e6fabf","file","1","syn31669070","syn33397598","syn4939902","1665338553068","3423450","104098018","303100209","e3929220b923e865fa6701a64b3c7f45","org.sagebionetworks.repo.model.file.S3FileHandle","proddata.sagebase.org","3421893/83ef2015-222e-43cc-b994-67d514005e13/TWFE-2-094-2-094ankleRightBx.maf"
"syn36533706","TWFE-2-099-2-099.maf","1663432227653","3421893","906fc362-4489-4176-b52e-2e507fae7538","file","1","syn31669118","syn33397598","syn4939902","1665338553119","3423450","104098023","263864765","82133764cdaa6749f3251c0df9dbb148","org.sagebionetworks.repo.model.file.S3FileHandle","proddata.sagebase.org","3421893/1383e4ec-25d3-47ec-bc70-851990dda2e9/TWFE-2-099-2-099.maf"
"syn36533709","TWFE-2-100-2-100.maf","1663432231221","3421893","b0c42f1e-5b50-4ce2-bf45-2317f71e6f68","file","1","syn31669131","syn33397598","syn4939902","1665338553171","3423450","104098027","278792206","3a932f97c5c158944051669135a6e6d8","org.sagebionetworks.repo.model.file.S3FileHandle","proddata.sagebase.org","3421893/17c373a5-cef7-472c-9329-37f3d1f7cb7d/TWFE-2-100-2-100.maf"
"syn36533710","TWFE-2-092-2-092.maf","1663432231496","3421893","38f3de7f-608d-4fed-a0f9-09c21f9955d0","file","1","syn31669022","syn33397598","syn4939902","1665338553221","3423450","104098028","286369528","84718ce3ae36d492e15df60980b1df0e","org.sagebionetworks.repo.model.file.S3FileHandle","proddata.sagebase.org","3421893/b4f79d56-7444-43b5-b5c3-80824c56d965/TWFE-2-092-2-092.maf"
"syn36533714","TWFE-2-096-2-096normal.maf","1663432237421","3421893","1232fb8b-4298-4a71-bfa6-686aedf7c958","file","1","syn31669101","syn33397598","syn4939902","1665338553286","3423450","104098036","283128139","280258f6f8ef1064746417bc11a601ed","org.sagebionetworks.repo.model.file.S3FileHandle","proddata.sagebase.org","3421893/1dd533d4-dedd-4195-a9a5-3bba98934e28/TWFE-2-096-2-096normal.maf"
"syn36533717","TWFE-2-104-2-104normal.maf","1663432240758","3421893","1ac3d6c7-f229-48b8-942d-8dbe469c6075","file","1","syn31669170","syn33397598","syn4939902","1665338553339","3423450","104098042","263959889","06bad26e9f8d486a783b06c9dc74734d","org.sagebionetworks.repo.model.file.S3FileHandle","proddata.sagebase.org","3421893/6e1e3a2e-7cbf-4d94-baa9-d60db80ee33f/TWFE-2-104-2-104normal.maf"
"syn36533718","TWFE-2-106-2-106normal.maf","1663432242347","3421893","c4adb406-59d8-4b10-8cf2-ec1076dc09d6","file","1","syn31669196","syn33397598","syn4939902","1665338553400","3423450","104098044","317299451","d72e4f0bb347b3bef9d613c47cc1f85e","org.sagebionetworks.repo.model.file.S3FileHandle","proddata.sagebase.org","3421893/6d478c27-9b5a-47b9-af57-5a212ae320fd/TWFE-2-106-2-106normal.maf"
"syn36533726","TWFE-2-103-2-103tumor.maf","1663432251248","3421893","98b26d58-66f4-44f9-9b4c-a2e27a6d5fd7","file","1","syn31669161","syn33397598","syn4939902","1665338553456","3423450","104098055","301321042","af6df2cd3839578821e94c598c7e3805","org.sagebionetworks.repo.model.file.S3FileHandle","proddata.sagebase.org","3421893/d22dcbad-007e-472f-b2b6-3366c4717c9e/TWFE-2-103-2-103tumor.maf"
"syn36533766","TWFE-2-094-2-094.maf","1663432301473","3421893","79348b45-3d98-48f5-8a12-3cc7a321bd5b","file","1","syn31669066","syn33397598","syn4939902","1665338553635","3423450","104098098","306562677","25409785d7fad52ce5beb3a5a05d8d53","org.sagebionetworks.repo.model.file.S3FileHandle","proddata.sagebase.org","3421893/adffe31c-4635-422d-864e-897c62bb2a7c/TWFE-2-094-2-094.maf"
"syn36533772","TWFE-2-095-2-095.maf","1663432311360","3421893","0fdc07b2-3f0b-49d0-b04c-3e4b60daa470","file","1","syn31669088","syn33397598","syn4939902","1665338553691","3423450","104098105","291826039","b9053cf1aaba23f3146b0e0b736e5ca9","org.sagebionetworks.repo.model.file.S3FileHandle","proddata.sagebase.org","3421893/2130088e-067f-4594-a6ca-20d2f0b32f22/TWFE-2-095-2-095.maf"
"syn36533774","TWFE-2-111-2-111tumor.maf","1663432314173","3421893","304eed22-d9ae-43bb-8389-cf76b9c7cc19","file","1","syn31669204","syn33397598","syn4939902","1665338553745","3423450","104098108","284028130","85a4f2672f1376b40b3c51b365f21ec2","org.sagebionetworks.repo.model.file.S3FileHandle","proddata.sagebase.org","3421893/c3d5d016-752d-4c18-84d1-15bea42c297a/TWFE-2-111-2-111tumor.maf"
"syn36533788","TWFE-2-093-2-093RightUpperBack.maf","1663432342567","3421893","abeddfce-04a6-407c-8c0f-ce4246bb7353","file","1","syn31669057","syn33397598","syn4939902","1665338553808","3423450","104098123","312742146","6f9dcd7ccc525a11a154313b097e0e55","org.sagebionetworks.repo.model.file.S3FileHandle","proddata.sagebase.org","3421893/af4bb1c5-f277-4e6d-9d14-517945b2227f/TWFE-2-093-2-093RightUpperBack.maf"
"syn36533793","TWFE-2-093-2-093.maf","1663432351437","3421893","3187d676-edb2-4bfe-8abc-0211847c5623","file","1","syn31669044","syn33397598","syn4939902","1665338553866","3423450","104098129","315056743","166e36b82b212ef406846df02f4b7726","org.sagebionetworks.repo.model.file.S3FileHandle","proddata.sagebase.org","3421893/0f259308-b3f1-4678-b05d-02e47b4201d4/TWFE-2-093-2-093.maf"
"syn36533828","TWFE-2-092-2-092LeftFlank.maf","1663432462234","3421893","8aaac1f9-963e-419f-bbeb-86fec42e0868","file","1","syn31669026","syn33397598","syn4939902","1665338553922","3423450","104098165","282037696","05bf49d96c6c22c4d9269507f8234dba","org.sagebionetworks.repo.model.file.S3FileHandle","proddata.sagebase.org","3421893/f75bcb3a-37a8-45f4-ae5b-35dac906eb80/TWFE-2-092-2-092LeftFlank.maf"
"syn36533846","TWFE-2-113-2-113lumbar.maf","1663432509140","3421893","9b5b50e9-45d7-43a4-b127-b04fb344f5ce","file","1","syn31669217","syn33397598","syn4939902","1665338553978","3423450","104098184","307925787","9e19c614b0f0228ed2fbfdd094edbeac","org.sagebionetworks.repo.model.file.S3FileHandle","proddata.sagebase.org","3421893/e08b0398-f89c-48d7-9bea-77214ae9de79/TWFE-2-113-2-113lumbar.maf"
"syn36534731","TWFE-2-102-2-102.maf","1663433058884","3421893","76f75848-99e1-4273-9436-312f6f581dd6","file","1","syn31669144","syn33397598","syn4939902","1665338554100","3423450","104099076","278893179","33a38e47681faa42d6d02d6a4871b479","org.sagebionetworks.repo.model.file.S3FileHandle","proddata.sagebase.org","3421893/985e3e08-8a62-424e-ae9d-800f2d75a53d/TWFE-2-102-2-102.maf"
"syn36534829","TWFE-2-045-24.maf","1663433263839","3421893","03504953-4432-463b-b4d3-a330c8c25118","file","1","syn31668622","syn33397598","syn4939902","1665338554154","3423450","104099177","280693569","9cb3b8347dc050ea4120af6f4c138d50","org.sagebionetworks.repo.model.file.S3FileHandle","proddata.sagebase.org","3421893/26af05cf-c9ce-4562-9805-7d21b52931b7/TWFE-2-045-24.maf"
"syn36535775","TWFE-2-044-22.maf","1663433808513","3421893","122b704d-a6fc-43ab-a06b-5b9aec5a9ddc","file","1","syn31668609","syn33397598","syn4939902","1665338554310","3423450","104100135","301266238","f7154b97f37140a3f7d266f3d5b66fd5","org.sagebionetworks.repo.model.file.S3FileHandle","proddata.sagebase.org","3421893/0fc4d728-7c3d-41af-b051-96cd15612b3b/TWFE-2-044-22.maf"
"syn36536115","2_002_Plexiform_Neurofibroma_TD.maf","1663434542317","3421893","8acc0987-4ed3-4c84-bd46-4f57e57a7953","file","1","syn31668515","syn33397598","syn4939902","1665338554607","3423450","104100490","517006029","6e746597c9a0fe491904a8bf7fee69d9","org.sagebionetworks.repo.model.file.S3FileHandle","proddata.sagebase.org","3421893/a7686f3e-def1-47b2-80cb-d198fa54557c/2_002_Plexiform_Neurofibroma_TD.maf"
